variable,category,data_type,model_ready_data_type,description,included_in_model,included_in_model_matrix,model_matrix_columns,missing_count,missing_pct,unique_values,example_values,min_value,max_value
anxiety_flag,Clinical conditions,int64,float64,Indicator for anxiety diagnosis/history.,True,True,anxiety_flag,0,0.0,2,0; 1,0.0,1.0
asthma_flag,Clinical conditions,int64,float64,Indicator for asthma diagnosis/history.,True,True,asthma_flag,0,0.0,2,1; 0,0.0,1.0
behavioral_health_risk_flag,Clinical conditions,int64,float64,Indicator for behavioral health risk.,True,True,behavioral_health_risk_flag,0,0.0,2,0; 1,0.0,1.0
chf_flag,Clinical conditions,int64,float64,Indicator for congestive heart failure diagnosis/history.,True,True,chf_flag,0,0.0,2,0; 1,0.0,1.0
ckd_flag,Clinical conditions,int64,float64,Indicator for chronic kidney disease diagnosis/history.,True,True,ckd_flag,0,0.0,2,0; 1,0.0,1.0
copd_flag,Clinical conditions,int64,float64,Indicator for COPD diagnosis/history.,True,True,copd_flag,0,0.0,2,0; 1,0.0,1.0
depression_flag,Clinical conditions,int64,float64,Indicator for depression diagnosis/history.,True,True,depression_flag,0,0.0,2,0; 1,0.0,1.0
diabetes_flag,Clinical conditions,int64,float64,Indicator for diabetes diagnosis/history.,True,True,diabetes_flag,0,0.0,2,0; 1,0.0,1.0
pregnancy_flag,Clinical conditions,int64,int64,Indicator for pregnancy status/history.,False,False,,0,0.0,1,0,0.0,0.0
substance_use_flag,Clinical conditions,int64,float64,Indicator for substance use-related risk or diagnosis.,True,True,substance_use_flag,0,0.0,2,0; 1,0.0,1.0
age,Demographics,int64,int64,Member age at the index point.,True,True,age,0,0.0,72,42; 73; 62; 35; 49,18.0,90.0
county,Demographics,object,category,Member county of residence.,True,True,county_County_A; county_County_B; county_County_C; county_County_D; county_County_E; county_County_F,0,0.0,6,County_C; County_A; County_D; County_E; County_F,,
dual_eligible,Demographics,int64,int64,Indicator or category for Medicare/Medicaid dual eligibility.,True,True,dual_eligible,0,0.0,2,1; 0,0.0,1.0
gender,Demographics,object,category,Member gender category.,True,True,gender_Female; gender_Male,0,0.0,2,Male; Female,,
language,Demographics,object,category,Preferred or primary language.,True,True,language_English; language_Other; language_Spanish,0,0.0,3,Spanish; English; Other,,
plan_type,Demographics,object,category,Health plan product or plan type.,True,True,plan_type_Commercial; plan_type_Dual; plan_type_Medicaid; plan_type_Medicare,0,0.0,4,Medicaid; Dual; Medicare; Commercial,,
current_risk_score,Medication and risk,float64,float64,Current overall risk score.,True,True,current_risk_score,0,0.0,352,42.7; 45.8; 45.0; 30.0; 38.0,14.5,79.8
high_cost_drug_flag,Medication and risk,int64,float64,Indicator for high-cost drug use.,True,True,high_cost_drug_flag,0,0.0,2,0; 1,0.0,1.0
med_adherence_pdc,Medication and risk,float64,float64,Medication adherence proportion of days covered.,True,True,med_adherence_pdc,0,0.0,440,0.919; 0.54; 0.903; 0.573; 0.756,0.238,0.997
opioid_flag,Medication and risk,int64,float64,Indicator for opioid medication use.,True,True,opioid_flag,0,0.0,2,0; 1,0.0,1.0
percolator_clinical_score,Medication and risk,float64,float64,Composite clinical risk score.,True,True,percolator_clinical_score,0,0.0,442,35.8; 54.0; 26.2; 30.1; 34.2,12.7,96.5
percolator_sdoh_score,Medication and risk,float64,float64,Composite social determinants of health risk score.,True,True,percolator_sdoh_score,0,0.0,445,23.7; 22.9; 29.4; 18.4; 28.0,2.9,85.0
percolator_utilization_score,Medication and risk,float64,float64,Composite utilization risk score.,True,True,percolator_utilization_score,0,0.0,418,60.3; 42.4; 41.4; 29.3; 41.8,13.9,100.0
polypharmacy_flag,Medication and risk,int64,float64,Indicator for polypharmacy risk.,True,True,polypharmacy_flag,0,0.0,2,0; 1,0.0,1.0
risk_tier,Medication and risk,object,category,Categorical risk tier assignment.,True,True,risk_tier_High; risk_tier_Low; risk_tier_Medium; risk_tier_Very_High,0,0.0,4,Medium; Low; High; Very High,,
rx_count_last_6m,Medication and risk,int64,int64,Number of prescriptions or medication fills in the last 6 months.,True,True,rx_count_last_6m,0,0.0,21,2; 11; 3; 12; 1,0.0,20.0
admits_last_6m,Prior utilization and cost,int64,int64,Number of inpatient admissions in the last 6 months.,True,True,admits_last_6m,0,0.0,5,0; 1; 2; 3; 4,0.0,4.0
ed_visits_last_30d,Prior utilization and cost,int64,int64,Number of ED visits in the last 30 days.,True,True,ed_visits_last_30d,0,0.0,3,1; 0; 2,0.0,2.0
ed_visits_last_6m,Prior utilization and cost,int64,int64,Number of ED visits in the last 6 months.,True,True,ed_visits_last_6m,0,0.0,6,1; 0; 2; 3; 4,0.0,5.0
observation_stays_last_6m,Prior utilization and cost,int64,int64,Number of observation stays in the last 6 months.,True,True,observation_stays_last_6m,0,0.0,5,1; 2; 0; 3; 4,0.0,4.0
pcp_visits_last_6m,Prior utilization and cost,int64,int64,Number of primary care visits in the last 6 months.,True,True,pcp_visits_last_6m,0,0.0,10,3; 4; 2; 1; 7,0.0,9.0
specialist_visits_last_6m,Prior utilization and cost,int64,int64,Number of specialist visits in the last 6 months.,True,True,specialist_visits_last_6m,0,0.0,8,1; 2; 0; 3; 7,0.0,7.0
total_cost_last_6m,Prior utilization and cost,float64,float64,Total healthcare cost in the last 6 months.,True,True,total_cost_last_6m,0,0.0,1000,1830.87; 3589.8; 1708.79; 2878.61; 1783.76,1092.95,12520.11
case_manager_name,Program / operations,object,category,Assigned case manager identifier/name.,True,True,case_manager_name_CM_01; case_manager_name_CM_02; case_manager_name_CM_03; case_manager_name_CM_04; case_manager_name_CM_05; case_manager_name_CM_06; case_manager_name_CM_07; case_manager_name_CM_08; case_manager_name_CM_09; case_manager_name_CM_10; case_manager_name_CM_11; case_manager_name_CM_12; case_manager_name_CM_13; case_manager_name_CM_14; case_manager_name_CM_15,0,0.0,15,CM_01; CM_02; CM_03; CM_05; CM_04,,
client_contract,Program / operations,object,category,Client contract or line of business associated with the member.,True,True,client_contract_Contract_A; client_contract_Contract_B; client_contract_Contract_C,0,0.0,3,Contract_B; Contract_A; Contract_C,,
program,Program / operations,object,category,Care management program or operational program assignment.,True,True,program_BH_CM; program_CM; program_Complex_CM,0,0.0,3,CM; BH_CM; Complex_CM,,
service_region,Program / operations,object,category,Service region where the member receives care management support.,True,True,service_region_Central; service_region_East; service_region_North; service_region_South; service_region_West,0,0.0,5,West; North; East; South; Central,,
food_insecurity_flag,Social needs,int64,float64,Indicator for food insecurity.,True,True,food_insecurity_flag,0,0.0,2,0; 1,0.0,1.0
housing_instability_flag,Social needs,int64,float64,Indicator for housing instability.,True,True,housing_instability_flag,0,0.0,2,0; 1,0.0,1.0
living_alone_flag,Social needs,int64,float64,Indicator that the member lives alone.,True,True,living_alone_flag,0,0.0,2,0; 1,0.0,1.0
transportation_barrier_flag,Social needs,int64,float64,Indicator for transportation barriers.,True,True,transportation_barrier_flag,0,0.0,2,0; 1,0.0,1.0
utilities_insecurity_flag,Social needs,int64,float64,Indicator for utility insecurity.,True,True,utilities_insecurity_flag,0,0.0,2,0; 1,0.0,1.0
