feature,mean_abs_benefit_contribution,mean_signed_benefit_contribution,pct_positive_benefit_contribution,control_coefficient,treated_coefficient,coefficient_difference,importance_type
utilities_insecurity_flag,0.141383105872291,-0.0002359101976119075,0.8266666666666667,-0.18634823861951688,0.0004008687225557949,-0.18674910734207267,glmnet_standardized_logit_contribution_difference
current_risk_score,0.13750224988981918,0.020101097942298782,0.5066666666666667,0.16448889620736976,0.0012713868301899227,0.16321750937717983,glmnet_standardized_logit_contribution_difference
dual_eligible,0.1219784959168717,-0.008662089199881278,0.71,-0.13430511274659246,-0.000234867654228561,-0.1340702450923639,glmnet_standardized_logit_contribution_difference
ed_visits_last_6m,0.11614924609820361,0.023867446827402685,0.59,0.1374251746395035,0.0013101456389330527,0.13611502900057043,glmnet_standardized_logit_contribution_difference
county_County_A,0.10461142405954359,-0.0028183371112845503,0.17666666666666667,0.1372725741289973,0.00017369367973856903,0.13709888044925872,glmnet_standardized_logit_contribution_difference
case_manager_name_CM_14,0.08178178062294308,0.01015221263894244,0.07666666666666666,0.1522252009896525,-0.0002746800929530062,0.1524998810826055,glmnet_standardized_logit_contribution_difference
program_Complex_CM,0.06185805524685442,0.0005353023452202341,0.19666666666666666,0.07775228510568491,-5.770732851913071e-05,0.07780999243420404,glmnet_standardized_logit_contribution_difference
risk_tier_High,0.05936434010182201,0.013437515609870922,0.14333333333333334,0.08367193353428508,0.001153875104387715,0.08251805842989736,glmnet_standardized_logit_contribution_difference
case_manager_name_CM_13,0.04383229578832519,0.015987653578986544,0.07666666666666666,0.07717135015417252,0.00043658500564754436,0.07673476514852498,glmnet_standardized_logit_contribution_difference
copd_flag,0.04202206010586161,-0.003324514639762377,0.15333333333333332,0.05864739462704243,0.0005150729794545482,0.05813232164758788,glmnet_standardized_logit_contribution_difference
ed_visits_last_30d,0.003086437430247354,3.502528921567072e-05,0.19,0.004502333823213854,0.0004156346770448274,0.004086699146169027,glmnet_standardized_logit_contribution_difference
percolator_clinical_score,0.0030406140938723705,0.00032985430978979953,0.48,0.004203327687986595,0.0005356645154952075,0.0036676631724913878,glmnet_standardized_logit_contribution_difference
percolator_utilization_score,0.0010198533048690764,2.949206126033439e-05,0.5366666666666666,0.0,0.0014281079558443996,-0.0014281079558443996,glmnet_standardized_logit_contribution_difference
total_cost_last_6m,0.0008141339784915196,0.00011605539319604908,0.59,0.0,0.0011391416125287942,-0.0011391416125287942,glmnet_standardized_logit_contribution_difference
diabetes_flag,0.000783934987231362,-1.430212063363945e-05,0.6833333333333333,0.0,0.0008424813297685862,-0.0008424813297685862,glmnet_standardized_logit_contribution_difference
risk_tier_Medium,0.0007257445400256142,-7.22796174911636e-05,0.7066666666666667,0.0,-0.0007930510631756251,0.0007930510631756251,glmnet_standardized_logit_contribution_difference
admits_last_6m,0.0006249912591392001,8.147851695943959e-05,0.7233333333333334,0.0,0.0008389882362381153,-0.0008389882362381153,glmnet_standardized_logit_contribution_difference
food_insecurity_flag,0.0006214029906188843,8.714923962817187e-05,0.7833333333333333,0.0,0.0007467244545160736,-0.0007467244545160736,glmnet_standardized_logit_contribution_difference
observation_stays_last_6m,0.000611531946188196,-0.00011631529361403006,0.75,0.0,0.0007621415382989601,-0.0007621415382989601,glmnet_standardized_logit_contribution_difference
ckd_flag,0.0004951641661689902,1.424932852284805e-06,0.85,0.0,0.0006933656492622481,-0.0006933656492622481,glmnet_standardized_logit_contribution_difference
client_contract_Contract_B,0.0004645706668447412,2.4395946744746398e-05,0.66,0.0,0.0004896781545544991,-0.0004896781545544991,glmnet_standardized_logit_contribution_difference
chf_flag,0.00040837530788989304,3.413663564404684e-05,0.84,0.0,0.0005550181688780372,-0.0005550181688780372,glmnet_standardized_logit_contribution_difference
med_adherence_pdc,0.0004033224197683086,3.63964165155492e-05,0.5933333333333334,0.0,-0.0005197663084999749,0.0005197663084999749,glmnet_standardized_logit_contribution_difference
service_region_Central,0.0004009062573236811,1.505600806569157e-05,0.8166666666666667,0.0,0.0005176821995664814,-0.0005176821995664814,glmnet_standardized_logit_contribution_difference
age,0.0003833779180841382,5.2240507519157317e-05,0.55,0.0,0.00043039733251798966,-0.00043039733251798966,glmnet_standardized_logit_contribution_difference
percolator_sdoh_score,0.0003826521193807919,7.78800806045842e-05,0.59,0.0,0.00048594251112386676,-0.00048594251112386676,glmnet_standardized_logit_contribution_difference
language_Spanish,0.0003771012988676367,8.108202162862991e-05,0.23,0.0,-0.0004375627653231286,0.0004375627653231286,glmnet_standardized_logit_contribution_difference
client_contract_Contract_C,0.0003757756024771416,2.421465696153416e-05,0.2,0.0,-0.0004687432562936472,0.0004687432562936472,glmnet_standardized_logit_contribution_difference
county_County_E,0.00037561181354648043,4.451052684046424e-05,0.8366666666666667,0.0,0.0005044576130754859,-0.0005044576130754859,glmnet_standardized_logit_contribution_difference
county_County_D,0.00034538000508769394,6.506559438199588e-07,0.17333333333333334,0.0,-0.0004562051333039446,0.0004562051333039446,glmnet_standardized_logit_contribution_difference
gender_Male,0.00033884256449518243,-2.3160712626498056e-05,0.43666666666666665,0.0,-0.0003407950811509526,0.0003407950811509526,glmnet_standardized_logit_contribution_difference
gender_Female,0.00033884256449518243,-2.3160712626498056e-05,0.43666666666666665,0.0,0.0003407950811509526,-0.0003407950811509526,glmnet_standardized_logit_contribution_difference
substance_use_flag,0.00031696395328007534,4.2707805393256965e-05,0.18,0.0,-0.0004087503906278963,0.0004087503906278963,glmnet_standardized_logit_contribution_difference
plan_type_Medicare,0.0003131056716216181,2.263414493650258e-06,0.76,0.0,0.00036655333405340455,-0.00036655333405340455,glmnet_standardized_logit_contribution_difference
county_County_B,0.0002951062776162832,-8.707581420626993e-06,0.14333333333333334,0.0,-0.0004209008263975909,0.0004209008263975909,glmnet_standardized_logit_contribution_difference
high_cost_drug_flag,0.0002769974038865584,-1.5959519129221926e-06,0.8366666666666667,0.0,0.00037464923353743956,-0.00037464923353743956,glmnet_standardized_logit_contribution_difference
risk_tier_Low,0.000270761831633665,2.0501256903147348e-05,0.14666666666666667,0.0,-0.0003815784874612161,0.0003815784874612161,glmnet_standardized_logit_contribution_difference
language_English,0.0002584569790525819,4.5496486731568495e-05,0.2833333333333333,0.0,0.00028230309347602615,-0.00028230309347602615,glmnet_standardized_logit_contribution_difference
county_County_F,0.00021822794620897511,2.094927780276768e-05,0.8433333333333334,0.0,0.0002988009981529112,-0.0002988009981529112,glmnet_standardized_logit_contribution_difference
service_region_East,0.00021350439144651064,-2.2421929584996013e-05,0.18,0.0,-0.00027632834589237323,0.00027632834589237323,glmnet_standardized_logit_contribution_difference
case_manager_name_CM_02,0.00019473071991444444,3.4540225459685e-05,0.9366666666666666,0.0,0.00039341795851081804,-0.00039341795851081804,glmnet_standardized_logit_contribution_difference
service_region_West,0.00018804733650070103,3.313825903786486e-05,0.24333333333333335,0.0,-0.00021569185946990557,0.00021569185946990557,glmnet_standardized_logit_contribution_difference
anxiety_flag,0.0001846613959486861,1.2735268686116276e-05,0.7233333333333334,0.0,0.0002059032451186948,-0.0002059032451186948,glmnet_standardized_logit_contribution_difference
risk_tier_Very_High,0.00018325016985438922,9.001762729689267e-06,0.9966666666666667,0.0,0.001587725538121933,-0.001587725538121933,glmnet_standardized_logit_contribution_difference
case_manager_name_CM_09,0.000178364343931479,7.065640677478882e-05,0.9633333333333334,0.0,0.00043570005850344045,-0.00043570005850344045,glmnet_standardized_logit_contribution_difference
plan_type_Commercial,0.00016123843959076138,2.521489146718075e-05,0.09333333333333334,0.0,-0.0002737284348697011,0.0002737284348697011,glmnet_standardized_logit_contribution_difference
asthma_flag,0.00016109579967730128,-2.147943995697351e-05,0.15,0.0,-0.00022356509923003023,0.00022356509923003023,glmnet_standardized_logit_contribution_difference
housing_instability_flag,0.0001556969947755634,3.6208603436177375e-06,0.18333333333333332,0.0,-0.00020113591707543978,0.00020113591707543978,glmnet_standardized_logit_contribution_difference
behavioral_health_risk_flag,0.00015493876304366634,-8.562709832136895e-06,0.55,0.0,0.0001554813324526274,-0.0001554813324526274,glmnet_standardized_logit_contribution_difference
program_BH_CM,0.0001466580835642436,-6.26454063925623e-06,0.7566666666666667,0.0,0.0001707364858382048,-0.0001707364858382048,glmnet_standardized_logit_contribution_difference
case_manager_name_CM_11,0.00014627116113734095,3.298881506501734e-05,0.09,0.0,-0.0002489721891699421,0.0002489721891699421,glmnet_standardized_logit_contribution_difference
case_manager_name_CM_08,0.00013865873111531998,-4.5504103709671585e-05,0.04666666666666667,0.0,-0.0003104898710151484,0.0003104898710151484,glmnet_standardized_logit_contribution_difference
transportation_barrier_flag,0.00013801597018981408,3.813420611930949e-05,0.7866666666666666,0.0,0.0001618936869366138,-0.0001618936869366138,glmnet_standardized_logit_contribution_difference
depression_flag,0.00013661796735273886,1.4015457820463137e-05,0.30666666666666664,0.0,-0.0001473587854955237,0.0001473587854955237,glmnet_standardized_logit_contribution_difference
case_manager_name_CM_01,0.00013589306768976338,3.701487959076258e-05,0.08666666666666667,0.0,-0.00023237373091522984,0.00023237373091522984,glmnet_standardized_logit_contribution_difference
case_manager_name_CM_06,0.0001313186842271117,5.502635350720526e-05,0.09333333333333334,0.0,-0.000204940196766702,0.000204940196766702,glmnet_standardized_logit_contribution_difference
case_manager_name_CM_05,0.00012591900691819082,8.898869746868703e-07,0.06333333333333334,0.0,-0.0002584888074726835,0.0002584888074726835,glmnet_standardized_logit_contribution_difference
plan_type_Medicaid,0.00011930201203930268,8.858857532370614e-06,0.49666666666666665,0.0,-0.00011897529086446586,0.00011897529086446586,glmnet_standardized_logit_contribution_difference
living_alone_flag,0.00011812190105599088,-8.466540884938075e-06,0.73,0.0,0.00013269014000806133,-0.00013269014000806133,glmnet_standardized_logit_contribution_difference
county_County_C,0.00011745260980314179,1.3366277628928975e-05,0.18666666666666668,0.0,-0.00014973882142579496,0.00014973882142579496,glmnet_standardized_logit_contribution_difference
client_contract_Contract_A,0.00011100368896849744,9.20646709454374e-07,0.46,0.0,-0.00011135678474483276,0.00011135678474483276,glmnet_standardized_logit_contribution_difference
case_manager_name_CM_12,0.00010135895476589823,3.800014584950031e-05,0.07,0.0,-0.00018414107731375622,0.00018414107731375622,glmnet_standardized_logit_contribution_difference
program_CM,9.488632551342015e-05,2.343220772869331e-06,0.56,0.0,-9.554782709422161e-05,9.554782709422161e-05,glmnet_standardized_logit_contribution_difference
language_Other,8.816704846740768e-05,1.5586148080716998e-06,0.9466666666666667,0.0,0.00019616003421133382,-0.00019616003421133382,glmnet_standardized_logit_contribution_difference
case_manager_name_CM_07,8.612379702317263e-05,1.3718834924045196e-05,0.05,0.0,-0.00019505872235945338,0.00019505872235945338,glmnet_standardized_logit_contribution_difference
case_manager_name_CM_15,6.441284156637063e-05,1.2294567269929665e-05,0.9566666666666667,0.0,0.0001552716987562969,-0.0001552716987562969,glmnet_standardized_logit_contribution_difference
opioid_flag,5.60758636572118e-05,7.010806749966801e-06,0.8633333333333333,0.0,8.09849662416988e-05,-8.09849662416988e-05,glmnet_standardized_logit_contribution_difference
plan_type_Dual,5.111042764179258e-05,-9.241628495119904e-06,0.17,0.0,-6.691104078256279e-05,6.691104078256279e-05,glmnet_standardized_logit_contribution_difference
rx_count_last_6m,4.770543390511625e-05,4.0299850453595445e-06,0.6,0.0,5.9953881419801926e-05,-5.9953881419801926e-05,glmnet_standardized_logit_contribution_difference
specialist_visits_last_6m,4.635246561916348e-05,-3.8927849397880675e-06,0.6066666666666667,0.0,6.0430631020295846e-05,-6.0430631020295846e-05,glmnet_standardized_logit_contribution_difference
case_manager_name_CM_03,4.060735656200073e-05,5.4609893307518255e-06,0.94,0.0,8.471727601249523e-05,-8.471727601249523e-05,glmnet_standardized_logit_contribution_difference
service_region_South,4.040305182122479e-05,-2.085930513504125e-06,0.20333333333333334,0.0,-5.012587799228738e-05,5.012587799228738e-05,glmnet_standardized_logit_contribution_difference
case_manager_name_CM_04,3.141369509749591e-05,-4.229144925461273e-07,0.9133333333333333,0.0,5.582245949904039e-05,-5.582245949904039e-05,glmnet_standardized_logit_contribution_difference
polypharmacy_flag,2.7452104365165406e-05,-3.045411314291079e-06,0.09333333333333334,0.0,-4.689369912755e-05,4.689369912755e-05,glmnet_standardized_logit_contribution_difference
case_manager_name_CM_10,2.6264542405843162e-05,5.564894667259267e-06,0.9433333333333334,0.0,5.550978394090136e-05,-5.550978394090136e-05,glmnet_standardized_logit_contribution_difference
service_region_North,2.5058003814370914e-05,-2.0455513317853768e-07,0.81,0.0,3.19361599315522e-05,-3.19361599315522e-05,glmnet_standardized_logit_contribution_difference
pcp_visits_last_6m,3.275743172815179e-06,-6.236921023018406e-07,0.3933333333333333,0.0,-3.953603755132798e-06,3.953603755132798e-06,glmnet_standardized_logit_contribution_difference
